,precision,recall,f1
rouge,0.29656226842448313,0.13408120326938966,0.17192406444296168
bleu,0.20375293833335317,0.0909395489894705,0.11783860223143733
